date;event name;city;image link;event link
07/10/2026;Yellofox;Utrecht;https://raw.githubusercontent.com/Martijndewin/FlatMountainCollectiveCalendarEvents/bda819bfb83ba56544c5391c34455079fccdebf7/images/Yellofox/26Yellofox-Slow%2BThe%2BSun%2Bdrone.jpg;https://www.tivolivredenburg.nl/agenda/39726588/yellofox-07-10-2026
23/10/2026;Yellofox;Obdam;https://www.yellofox.net/s/2025Yellofox-Duo-FotograafShariDeBoer-2-kopie.jpg;http://www.brakenkerkje.nl/evenement/yellofox-6285?origin=
30/10/2026;Yellofox;Den Haag;https://raw.githubusercontent.com/Martijndewin/FlatMountainCollectiveCalendarEvents/bda819bfb83ba56544c5391c34455079fccdebf7/images/Yellofox/26Yellofox-Slow%2BThe%2BSun%2Bdrone.jpg;https://www.paard.nl/event/yellofox-5/
15/11/2026;Yellofox;Zurich;https://raw.githubusercontent.com/Martijndewin/FlatMountainCollectiveCalendarEvents/bda819bfb83ba56544c5391c34455079fccdebf7/images/Yellofox/26Yellofox-Slow%2BThe%2BSun%2Bdrone.jpg;https://aldefrysketsjerken.nl/activiteiten
13/11/2026;Yellofox;Creil;https://raw.githubusercontent.com/Martijndewin/FlatMountainCollectiveCalendarEvents/bda819bfb83ba56544c5391c34455079fccdebf7/images/Yellofox/26Yellofox-Slow%2BThe%2BSun%2Bdrone.jpg;https://theateropzolder.net/evenementen/yellofox-vr-13-november/
14/11/2026;Yellofox;Creil;https://raw.githubusercontent.com/Martijndewin/FlatMountainCollectiveCalendarEvents/bda819bfb83ba56544c5391c34455079fccdebf7/images/Yellofox/26Yellofox-Slow%2BThe%2BSun%2Bdrone.jpg;https://theateropzolder.net/evenementen/yellofox/
28/11/2026;Yellofox;Drachten;https://raw.githubusercontent.com/Martijndewin/FlatMountainCollectiveCalendarEvents/bda819bfb83ba56544c5391c34455079fccdebf7/images/Yellofox/26Yellofox-Slow%2BThe%2BSun%2Bdrone.jpg;https://iduna.nl/agenda/blues-brews-ix/
10/12/2026;Yellofox;Maassluis;https://raw.githubusercontent.com/Martijndewin/FlatMountainCollectiveCalendarEvents/bda819bfb83ba56544c5391c34455079fccdebf7/images/Yellofox/26Yellofox-Slow%2BThe%2BSun%2Bdrone.jpg;https://thelockkeepers.nl/Concert-agenda-The-Lock-Keepers/
02/02/2027;Yellofox;Den Bosch;https://raw.githubusercontent.com/Martijndewin/FlatMountainCollectiveCalendarEvents/bda819bfb83ba56544c5391c34455079fccdebf7/images/Yellofox/26Yellofox-Slow%2BThe%2BSun%2Bdrone.jpg;https://blueroomsessions.nl/productie/yellofox-nl-2/
13/02/2027;Yellofox;Osnabrück (DE);https://raw.githubusercontent.com/Martijndewin/FlatMountainCollectiveCalendarEvents/bda819bfb83ba56544c5391c34455079fccdebf7/images/Yellofox/26Yellofox-Slow%2BThe%2BSun%2Bdrone.jpg;https://www.lagerhalle-osnabrueck.de/content/veranstaltungen/yellofox/
06/03/2027;Yellofox;Valthermond;https://raw.githubusercontent.com/Martijndewin/FlatMountainCollectiveCalendarEvents/bda819bfb83ba56544c5391c34455079fccdebf7/images/Yellofox/26Yellofox-Slow%2BThe%2BSun%2Bdrone.jpg;https://www.drentmeester.nl/events/yellofox26
12/03/2027;Yellofox;Den Haag;https://raw.githubusercontent.com/Martijndewin/FlatMountainCollectiveCalendarEvents/bda819bfb83ba56544c5391c34455079fccdebf7/images/Yellofox/26Yellofox-Slow%2BThe%2BSun%2Bdrone.jpg;https://acousticalley.nl/wp/events/yellofox-2/
03/04/2027;Yellofox;Twisk;https://raw.githubusercontent.com/Martijndewin/FlatMountainCollectiveCalendarEvents/bda819bfb83ba56544c5391c34455079fccdebf7/images/Yellofox/26Yellofox-Slow%2BThe%2BSun%2Bdrone.jpg;https://theaterkerkhemels.nl/tc-events/yellofox/
04/04/2027;Yellofox;Vlaardingen;https://raw.githubusercontent.com/Martijndewin/FlatMountainCollectiveCalendarEvents/bda819bfb83ba56544c5391c34455079fccdebf7/images/Yellofox/26Yellofox-Slow%2BThe%2BSun%2Bdrone.jpg;https://stadsgehoorzaal.nl/programma/yellofox
04/06/2027;Yellofox;Koudekerk aan de Rijn;https://raw.githubusercontent.com/Martijndewin/FlatMountainCollectiveCalendarEvents/bda819bfb83ba56544c5391c34455079fccdebf7/images/Yellofox/26Yellofox-Slow%2BThe%2BSun%2Bdrone.jpg;https://www.ttfolk.nl/
